,year,profit,winning_rate,turnover_rate
0,2019,39246809.976338655,0.5368852459016393,0.029690917354736644
1,2020,30307156.342032667,0.5555555555555556,0.04033470166384005
